{
	"credit": "Made by Falanta Fantomo with Blockbench",
	"textures": {
		"main": "marsh:item/armor/straw_hat/model"
	},
	"elements": [
		{
			"from": [3.37125, 8.85, 3.37125],
			"to": [12.62875, 13.45, 12.62875],
			"rotation": {"angle": 0, "axis": "y", "origin": [8, 6.55, 8]},
			"faces": {
				"north": {"uv": [4, 4, 8, 6], "texture": "#main"},
				"east": {"uv": [0, 4, 4, 6], "texture": "#main"},
				"south": {"uv": [12, 4, 16, 6], "texture": "#main"},
				"west": {"uv": [8, 4, 12, 6], "texture": "#main"},
				"up": {"uv": [4, 0, 8, 4], "rotation": 180, "texture": "#main"}
			}
		},
		{
			"from": [-1.2, 8.85, -1.2],
			"to": [17.2, 8.85, 17.2],
			"rotation": {"angle": 0, "axis": "y", "origin": [8, 6.55, 8]},
			"faces": {
				"up": {"uv": [0, 8, 8, 16], "rotation": 180, "texture": "#main"},
				"down": {"uv": [0, 16, 8, 8], "rotation": 180, "texture": "#main"}
			}
		},
		{
			"from": [3.37125, 13.45, 3.37125],
			"to": [12.62875, 8.85, 12.62875],
			"rotation": {"angle": 0, "axis": "y", "origin": [8, 6.55, 8]},
			"faces": {
				"north": {"uv": [4, 6, 8, 4], "texture": "#main"},
				"east": {"uv": [0, 6, 4, 4], "texture": "#main"},
				"south": {"uv": [12, 6, 16, 4], "texture": "#main"},
				"west": {"uv": [8, 6, 12, 4], "texture": "#main"},
				"down": {"uv": [4, 4, 8, 0], "rotation": 180, "texture": "#main"}
			}
		},
		{
			"from": [7.5, 0.9225, -3],
			"to": [7.5, 6.9225, 4],
			"rotation": {"angle": 22.5, "axis": "y", "origin": [7.5, 5.45, 4]},
			"faces": {
				"east": {"uv": [13, 16, 16, 12.5], "rotation": 270, "texture": "#main"},
				"west": {"uv": [13, 12.5, 16, 16], "rotation": 270, "texture": "#main"}
			}
		}
	],
	"display": {
		"thirdperson_righthand": {
			"rotation": [75, 45, 0],
			"translation": [0, 2.5, 0],
			"scale": [0.5, 0.5, 0.5]
		},
		"thirdperson_lefthand": {
			"rotation": [75, 45, 0],
			"translation": [0, 2.5, 0],
			"scale": [0.5, 0.5, 0.5]
		},
		"firstperson_righthand": {
			"rotation": [0, 45, 0],
			"scale": [0.5, 0.5, 0.5]
		},
		"firstperson_lefthand": {
			"rotation": [0, 45, 0],
			"scale": [0.5, 0.5, 0.5]
		},
		"ground": {
			"scale": [0.25, 0.25, 0.25]
		},
		"gui": {
			"rotation": [20, 135, 0],
			"scale": [0.75, 0.75, 0.75]
		},
		"head": {
			"scale": [1.6, 1.6, 1.6]
		},
		"fixed": {
			"rotation": [-90, 0, 0],
			"translation": [0, 0, 3.75],
			"scale": [2, 2, 2]
		}
	}
}