{
	"credit": "Made by Falanta Fantomo with Blockbench",
	"textures": {
		"main": "marsh:item/armor/fisherman_hat/model",
		"particle": "marsh:fisherman_hat"
	},
	"elements": [
		{
			"from": [3.37125, 9.425, 3.37125],
			"to": [12.62875, 12.875, 12.62875],
			"rotation": {"angle": 0, "axis": "y", "origin": [8, 9.2, 8]},
			"faces": {
				"north": {"uv": [4, 4, 8, 5.5], "texture": "#main"},
				"east": {"uv": [0, 4, 4, 5.5], "texture": "#main"},
				"south": {"uv": [12, 4, 16, 5.5], "texture": "#main"},
				"west": {"uv": [8, 4, 12, 5.5], "texture": "#main"},
				"up": {"uv": [4, 0, 8, 4], "rotation": 180, "texture": "#main"}
			}
		},
		{
			"from": [1.1, 8.85, 1.1],
			"to": [14.9, 8.85, 14.9],
			"rotation": {"angle": 0, "axis": "y", "origin": [8, 9.2, 8]},
			"faces": {
				"up": {"uv": [0, 10, 6, 16], "rotation": 180, "texture": "#main"},
				"down": {"uv": [0, 16, 6, 10], "rotation": 180, "texture": "#main"}
			}
		},
		{
			"from": [3.37125, 12.875, 3.37125],
			"to": [12.62875, 8.85, 12.62875],
			"rotation": {"angle": 0, "axis": "y", "origin": [8, 9.2, 8]},
			"faces": {
				"north": {"uv": [4, 6, 8, 4], "texture": "#main"},
				"east": {"uv": [0, 6, 4, 4], "texture": "#main"},
				"south": {"uv": [12, 6, 16, 4], "texture": "#main"},
				"west": {"uv": [8, 6, 12, 4], "texture": "#main"},
				"down": {"uv": [4, 4, 8, 0], "rotation": 180, "texture": "#main"}
			}
		},
		{
			"from": [2.825, 8.85, 2.825],
			"to": [13.175, 11.15, 13.175],
			"rotation": {"angle": 0, "axis": "y", "origin": [8, 9.2, 8]},
			"faces": {
				"north": {"uv": [4, 5.5, 8, 6.5], "texture": "#main"},
				"east": {"uv": [0, 5.5, 4, 6.5], "texture": "#main"},
				"south": {"uv": [12, 5.5, 16, 6.5], "texture": "#main"},
				"west": {"uv": [8, 5.5, 12, 6.5], "texture": "#main"}
			}
		},
		{
			"from": [2.825, 11.15, 2.825],
			"to": [13.175, 8.85, 13.175],
			"rotation": {"angle": 0, "axis": "y", "origin": [8, 9.2, 8]},
			"faces": {
				"north": {"uv": [4, 6.5, 8, 5.5], "texture": "#main"},
				"east": {"uv": [0, 6.5, 4, 5.5], "texture": "#main"},
				"south": {"uv": [12, 6.5, 16, 5.5], "texture": "#main"},
				"west": {"uv": [8, 6.5, 12, 5.5], "texture": "#main"}
			}
		}
	],
	"display": {
		"thirdperson_righthand": {
			"rotation": [75, 45, 0],
			"translation": [0, 2.5, 0],
			"scale": [0.5, 0.5, 0.5]
		},
		"thirdperson_lefthand": {
			"rotation": [75, 45, 0],
			"translation": [0, 2.5, 0],
			"scale": [0.5, 0.5, 0.5]
		},
		"firstperson_righthand": {
			"rotation": [0, 45, 0],
			"scale": [0.5, 0.5, 0.5]
		},
		"firstperson_lefthand": {
			"rotation": [0, 45, 0],
			"scale": [0.5, 0.5, 0.5]
		},
		"ground": {
			"scale": [0.25, 0.25, 0.25]
		},
		"gui": {
			"rotation": [20, 135, 0],
			"scale": [0.75, 0.75, 0.75]
		},
		"head": {
			"scale": [1.6, 1.6, 1.6]
		},
		"fixed": {
			"rotation": [-90, 0, 0],
			"translation": [0, 0, 3.75],
			"scale": [2, 2, 2]
		}
	}
}