{
	"textures": {
		"particle": "marsh:item/misc/multiverse_portal_tint"
	},
	"elements": [
		{
			"from": [0, 0, 14.5],
			"to": [16, 16, 14.5],
			"rotation": {"angle": 0, "axis": "y", "origin": [1, 1, 14.5]},
			"faces": {
				"north": {"uv": [0, 0, 16, 16], "texture": "#particle", "tintindex": 0}
			}
		}
	],
	"gui_light": "front",
	"display": {
		"thirdperson_righthand": {
			"rotation": [75, 45, 0],
			"translation": [0, 2.5, 0],
			"scale": [0.375, 0.375, 0.375]
		},
		"thirdperson_lefthand": {
			"rotation": [75, 45, 0],
			"translation": [0, 2.5, 0],
			"scale": [0.375, 0.375, 0.375]
		},
		"firstperson_righthand": {
			"rotation": [0, 45, 0],
			"scale": [0.4, 0.4, 0.4]
		},
		"firstperson_lefthand": {
			"rotation": [0, -135, 0],
			"scale": [0.4, 0.4, 0.4]
		},
		"ground": {
			"translation": [0, 3, 0],
			"scale": [0.25, 0.25, 0.25]
		},
		"gui": {
			"rotation": [0, -180, 0]
		},
		"fixed": {
			"scale": [0.5, 0.5, 0.5]
		}
	}
}