{
  "model": {
    "type": "minecraft:select",
    "property": "minecraft:display_context",
    "cases": [
      {
        "when": "head",
        "model": {
          "type": "minecraft:model",
          "model": "marsh:item/cowboy_hat/model",
          "tints": [
            {
              "type": "minecraft:dye",
              "default": -6265536
            }
          ]
        }
      }
    ],
    "fallback": {
      "type": "minecraft:model",
      "model": "marsh:item/cowboy_hat/item",
      "tints": [
        {
          "type": "minecraft:dye",
          "default": -6265536
        }
      ]
    }
  }
}