{
    "scheming_weasel": {
        "sounds": [
            {
                "name": "marsh:records/scheming_weasel",
                "stream": true
            }
        ]
    },
    "three_little_birds": {
        "sounds": [
            {
                "name": "marsh:records/three_litle_birds",
                "stream": true
            }
        ]
    },
    "i_shot_the_sheriff": {
        "sounds": [
            {
                "name": "marsh:records/i_shot_the_sheriff",
                "stream": true
            }
        ]
    }
}