{
	"format_version": "1.21.6",
	"credit": "Made by Falanta Fantomo with Blockbench",
	"textures": {
		"particle": "marsh:item/weapon/nagant",
		"main": "marsh:item/weapon/nagant"
	},
	"elements": [
		{
			"from": [7.5, 9, 2],
			"to": [8.5, 10, 8],
			"faces": {
				"north": {"uv": [6, 0, 7, 1], "rotation": 90, "texture": "#main"},
				"east": {"uv": [6, 0, 0, 1], "texture": "#main"},
				"west": {"uv": [0, 0, 6, 1], "texture": "#main"},
				"up": {"uv": [0, 0, 6, 1], "rotation": 90, "texture": "#main"},
				"down": {"uv": [6, 0, 0, 1], "rotation": 90, "texture": "#main"}
			}
		},
		{
			"from": [7.5, 7, 8],
			"to": [8.5, 10, 12],
			"faces": {
				"north": {"uv": [0, 1, 1, 4], "texture": "#main"},
				"east": {"uv": [4, 1, 0, 4], "texture": "#main"},
				"south": {"uv": [3, 1, 4, 4], "texture": "#main"},
				"west": {"uv": [0, 1, 4, 4], "texture": "#main"},
				"up": {"uv": [0, 1, 4, 2], "rotation": 90, "texture": "#main"},
				"down": {"uv": [4, 4, 0, 5], "rotation": 90, "texture": "#main"}
			}
		},
		{
			"from": [7.5, 7, 12],
			"to": [8.5, 8, 14],
			"faces": {
				"east": {"uv": [6, 1, 4, 2], "texture": "#main"},
				"south": {"uv": [5, 1, 6, 2], "texture": "#main"},
				"west": {"uv": [4, 1, 6, 2], "texture": "#main"},
				"up": {"uv": [4, 1, 6, 2], "rotation": 90, "texture": "#main"}
			}
		},
		{
			"from": [7.51, 3, 12],
			"to": [8.49, 7, 14],
			"rotation": {"angle": -22.5, "axis": "x", "origin": [8, 7, 12]},
			"faces": {
				"north": {"uv": [13, 1, 14, 5], "texture": "#main"},
				"east": {"uv": [16, 1, 14, 5], "texture": "#main"},
				"south": {"uv": [12, 1, 13, 5], "texture": "#main"},
				"west": {"uv": [14, 1, 16, 5], "texture": "#main"},
				"down": {"uv": [11, 1, 12, 3], "texture": "#main"}
			}
		},
		{
			"from": [7, 7.995, 8.0025],
			"to": [9, 9.995, 11.0025],
			"rotation": {"angle": 0, "axis": "z", "origin": [9, 7.995, 9.5025]},
			"faces": {
				"north": {"uv": [3, 5, 5, 7], "texture": "#main"},
				"east": {"uv": [3, 5, 0, 7], "texture": "#main"},
				"south": {"uv": [3, 7, 5, 9], "texture": "#main"},
				"west": {"uv": [0, 5, 3, 7], "texture": "#main"},
				"up": {"uv": [0, 7, 3, 9], "rotation": 90, "texture": "#main"},
				"down": {"uv": [0, 9, 3, 11], "rotation": 90, "texture": "#main"}
			}
		},
		{
			"from": [7.5, 10, 8],
			"to": [8.5, 10, 11],
			"rotation": {"angle": 0, "axis": "z", "origin": [8, 9, 9.5]},
			"faces": {
				"north": {"uv": [3, 5, 5, 7], "texture": "#main"},
				"east": {"uv": [3, 5, 0, 7], "texture": "#main"},
				"south": {"uv": [3, 7, 5, 9], "texture": "#main"},
				"west": {"uv": [0, 5, 3, 7], "texture": "#main"},
				"up": {"uv": [0, 7, 3, 9], "rotation": 90, "texture": "#main"},
				"down": {"uv": [0, 9, 3, 11], "rotation": 90, "texture": "#main"}
			}
		},
		{
			"from": [8, 10, 2],
			"to": [8, 11, 3],
			"faces": {
				"east": {"uv": [7, 0, 8, 1], "rotation": 90, "texture": "#main"},
				"west": {"uv": [7, 0, 8, 1], "rotation": 90, "texture": "#main"}
			}
		},
		{
			"from": [8, 9, 12],
			"to": [8, 10, 13],
			"rotation": {"angle": 0, "axis": "x", "origin": [8, 9, 12]},
			"faces": {
				"east": {"uv": [15, 0, 16, 1], "texture": "#main"},
				"west": {"uv": [15, 0, 16, 1], "texture": "#main"}
			}
		},
		{
			"from": [8, 8, 5],
			"to": [8, 9, 8],
			"faces": {
				"east": {"uv": [11, 0, 8, 1], "texture": "#main"},
				"west": {"uv": [8, 0, 11, 1], "texture": "#main"}
			}
		},
		{
			"from": [8, 6, 9],
			"to": [8, 7, 13],
			"faces": {
				"east": {"uv": [15, 0, 11, 1], "texture": "#main"},
				"west": {"uv": [11, 0, 15, 1], "texture": "#main"}
			}
		},
		{
			"from": [7.5, 10, 8],
			"to": [8.5, 8, 11],
			"rotation": {"angle": 0, "axis": "y", "origin": [8, 9, 9.5]},
			"faces": {
				"north": {"uv": [3, 0, 4, 2], "rotation": 180, "texture": "#main"},
				"south": {"uv": [2, 3, 3, 5], "rotation": 180, "texture": "#main"},
				"up": {"uv": [3, 4, 0, 5], "rotation": 270, "texture": "#main"}
			}
		}
	],
	"gui_light": "front",
	"display": {
		"thirdperson_righthand": {
			"rotation": [0, -12, 0],
			"translation": [0, 1, -1.75],
			"scale": [0.75, 0.75, 0.75]
		},
		"thirdperson_lefthand": {
			"translation": [0, 1, -1.75],
			"scale": [0.75, 0.75, 0.75]
		},
		"firstperson_righthand": {
			"translation": [0.25, 1.5, -1.5]
		},
		"firstperson_lefthand": {
			"translation": [0.25, 1.5, -1.5]
		},
		"ground": {
			"scale": [0.2, 0.2, 0.2]
		},
		"gui": {
			"rotation": [70, -45, 70],
			"translation": [1, 1, 0]
		},
		"fixed": {
			"rotation": [0, 90, 0],
			"translation": [0, 0, -2],
			"scale": [2, 2, 2]
		}
	}
}