{
    "providers": [
        {
            "type": "bitmap",
            "file": "marsh:font/tab/faces.png",
            "ascent": 8,
            "height": 8,
            "chars":[
            "\u0001\u0002\u0003\u0004",
            "\u0005\u0006\u0007\u0008",
            "\u0009\u0010\u0011\u0012"]
        },
        {
            "type": "bitmap",
            "file": "marsh:font/tab/points.png",
            "ascent": 8,
            "height": 8,
            "chars":["\u1001\u1002"]
        }
    ]
}